time,person1@gmail.com,skibidi seminar,orange seminar,business seminar,cube seminar,cheese seminar,cube seminar,business seminar,orange seminar,skibidi seminar,cheese seminar,cube seminar,skibidi seminar,cheese seminar,orange seminar,business seminar,cube seminar,business seminar,orange seminar,cheese seminar,skibidi seminar
time,person2@gmail.com,skibidi seminar,business seminar,cube seminar,orange seminar,cheese seminar,cube seminar,business seminar,orange seminar,cheese seminar,skibidi seminar,cheese seminar,orange seminar,skibidi seminar,business seminar,cube seminar,business seminar,skibidi seminar,orange seminar,cheese seminar,cube seminar
time,person3@gmail.com,business seminar,orange seminar,cube seminar,skibidi seminar,cheese seminar,cheese seminar,orange seminar,business seminar,skibidi seminar,cube seminar,cheese seminar,cube seminar,orange seminar,skibidi seminar,business seminar,cheese seminar,skibidi seminar,orange seminar,business seminar,cube seminar
time,person4@gmail.com,orange seminar,cube seminar,skibidi seminar,business seminar,cheese seminar,cube seminar,cheese seminar,business seminar,skibidi seminar,orange seminar,business seminar,skibidi seminar,cheese seminar,orange seminar,cube seminar,business seminar,cube seminar,cheese seminar,orange seminar,skibidi seminar
time,person5@gmail.com,business seminar,orange seminar,skibidi seminar,cheese seminar,cube seminar,cheese seminar,business seminar,orange seminar,cube seminar,skibidi seminar,cheese seminar,business seminar,skibidi seminar,cube seminar,orange seminar,cube seminar,cheese seminar,orange seminar,skibidi seminar,business seminar
time,person6@gmail.com,business seminar,orange seminar,cheese seminar,cube seminar,skibidi seminar,cheese seminar,cube seminar,business seminar,orange seminar,skibidi seminar,cheese seminar,skibidi seminar,orange seminar,business seminar,cube seminar,cheese seminar,orange seminar,skibidi seminar,cube seminar,business seminar
time,person7@gmail.com,cheese seminar,business seminar,skibidi seminar,cube seminar,orange seminar,cube seminar,business seminar,orange seminar,cheese seminar,skibidi seminar,orange seminar,skibidi seminar,business seminar,cheese seminar,cube seminar,cube seminar,orange seminar,business seminar,skibidi seminar,cheese seminar
time,person8@gmail.com,orange seminar,cheese seminar,skibidi seminar,cube seminar,business seminar,business seminar,cube seminar,orange seminar,cheese seminar,skibidi seminar,cheese seminar,orange seminar,cube seminar,skibidi seminar,business seminar,orange seminar,cheese seminar,cube seminar,skibidi seminar,business seminar
time,person9@gmail.com,business seminar,cube seminar,orange seminar,cheese seminar,skibidi seminar,skibidi seminar,cube seminar,cheese seminar,business seminar,orange seminar,cheese seminar,cube seminar,orange seminar,business seminar,skibidi seminar,orange seminar,cube seminar,skibidi seminar,business seminar,cheese seminar
time,person10@gmail.com,business seminar,cube seminar,skibidi seminar,cheese seminar,orange seminar,business seminar,skibidi seminar,cube seminar,orange seminar,cheese seminar,cube seminar,orange seminar,skibidi seminar,cheese seminar,business seminar,cheese seminar,skibidi seminar,orange seminar,business seminar,cube seminar
time,person11@gmail.com,skibidi seminar,cube seminar,cheese seminar,business seminar,orange seminar,cube seminar,business seminar,cheese seminar,skibidi seminar,orange seminar,business seminar,skibidi seminar,cheese seminar,cube seminar,orange seminar,cheese seminar,orange seminar,skibidi seminar,cube seminar,business seminar
time,person12@gmail.com,business seminar,cube seminar,skibidi seminar,orange seminar,cheese seminar,orange seminar,business seminar,cheese seminar,skibidi seminar,cube seminar,cube seminar,cheese seminar,business seminar,orange seminar,skibidi seminar,cube seminar,business seminar,skibidi seminar,orange seminar,cheese seminar
time,person13@gmail.com,cheese seminar,business seminar,cube seminar,skibidi seminar,orange seminar,cheese seminar,business seminar,cube seminar,skibidi seminar,orange seminar,cheese seminar,business seminar,skibidi seminar,cube seminar,orange seminar,skibidi seminar,orange seminar,cheese seminar,business seminar,cube seminar
time,person14@gmail.com,cheese seminar,business seminar,orange seminar,skibidi seminar,cube seminar,business seminar,cube seminar,orange seminar,cheese seminar,skibidi seminar,orange seminar,skibidi seminar,cheese seminar,business seminar,cube seminar,orange seminar,business seminar,cube seminar,cheese seminar,skibidi seminar
time,person15@gmail.com,skibidi seminar,orange seminar,cheese seminar,cube seminar,business seminar,orange seminar,skibidi seminar,cube seminar,business seminar,cheese seminar,cube seminar,orange seminar,cheese seminar,business seminar,skibidi seminar,skibidi seminar,cube seminar,business seminar,cheese seminar,orange seminar
time,person16@gmail.com,business seminar,skibidi seminar,orange seminar,cube seminar,cheese seminar,orange seminar,cheese seminar,skibidi seminar,business seminar,cube seminar,orange seminar,cheese seminar,business seminar,cube seminar,skibidi seminar,cube seminar,business seminar,skibidi seminar,orange seminar,cheese seminar
time,person17@gmail.com,cheese seminar,cube seminar,skibidi seminar,business seminar,orange seminar,business seminar,cheese seminar,cube seminar,skibidi seminar,orange seminar,orange seminar,cheese seminar,skibidi seminar,business seminar,cube seminar,cheese seminar,skibidi seminar,cube seminar,orange seminar,business seminar
time,person18@gmail.com,orange seminar,cheese seminar,skibidi seminar,business seminar,cube seminar,cube seminar,skibidi seminar,orange seminar,cheese seminar,business seminar,skibidi seminar,cheese seminar,orange seminar,cube seminar,business seminar,business seminar,cube seminar,orange seminar,cheese seminar,skibidi seminar
time,person19@gmail.com,skibidi seminar,cube seminar,business seminar,orange seminar,cheese seminar,skibidi seminar,cheese seminar,business seminar,orange seminar,cube seminar,orange seminar,cheese seminar,business seminar,skibidi seminar,cube seminar,orange seminar,cube seminar,business seminar,skibidi seminar,cheese seminar
time,person20@gmail.com,cube seminar,skibidi seminar,orange seminar,cheese seminar,business seminar,cube seminar,orange seminar,cheese seminar,skibidi seminar,business seminar,business seminar,skibidi seminar,cube seminar,orange seminar,cheese seminar,cube seminar,cheese seminar,skibidi seminar,business seminar,orange seminar
time,person21@gmail.com,skibidi seminar,orange seminar,business seminar,cube seminar,cheese seminar,cube seminar,business seminar,orange seminar,skibidi seminar,cheese seminar,cube seminar,skibidi seminar,cheese seminar,orange seminar,business seminar,cube seminar,business seminar,orange seminar,cheese seminar,skibidi seminar
time,person22@gmail.com,skibidi seminar,business seminar,cube seminar,orange seminar,cheese seminar,cube seminar,business seminar,orange seminar,cheese seminar,skibidi seminar,cheese seminar,orange seminar,skibidi seminar,business seminar,cube seminar,business seminar,skibidi seminar,orange seminar,cheese seminar,cube seminar
time,person23@gmail.com,business seminar,orange seminar,cube seminar,skibidi seminar,cheese seminar,cheese seminar,orange seminar,business seminar,skibidi seminar,cube seminar,cheese seminar,cube seminar,orange seminar,skibidi seminar,business seminar,cheese seminar,skibidi seminar,orange seminar,business seminar,cube seminar
time,person24@gmail.com,orange seminar,cube seminar,skibidi seminar,business seminar,cheese seminar,cube seminar,cheese seminar,business seminar,skibidi seminar,orange seminar,business seminar,skibidi seminar,cheese seminar,orange seminar,cube seminar,business seminar,cube seminar,cheese seminar,orange seminar,skibidi seminar
time,person25@gmail.com,business seminar,orange seminar,skibidi seminar,cheese seminar,cube seminar,cheese seminar,business seminar,orange seminar,cube seminar,skibidi seminar,cheese seminar,business seminar,skibidi seminar,cube seminar,orange seminar,cube seminar,cheese seminar,orange seminar,skibidi seminar,business seminar
time,person26@gmail.com,business seminar,orange seminar,cheese seminar,cube seminar,skibidi seminar,cheese seminar,cube seminar,business seminar,orange seminar,skibidi seminar,cheese seminar,skibidi seminar,orange seminar,business seminar,cube seminar,cheese seminar,orange seminar,skibidi seminar,cube seminar,business seminar
time,person27@gmail.com,cheese seminar,business seminar,skibidi seminar,cube seminar,orange seminar,cube seminar,business seminar,orange seminar,cheese seminar,skibidi seminar,orange seminar,skibidi seminar,business seminar,cheese seminar,cube seminar,cube seminar,orange seminar,business seminar,skibidi seminar,cheese seminar
time,person28@gmail.com,orange seminar,cheese seminar,skibidi seminar,cube seminar,business seminar,business seminar,cube seminar,orange seminar,cheese seminar,skibidi seminar,cheese seminar,orange seminar,cube seminar,skibidi seminar,business seminar,orange seminar,cheese seminar,cube seminar,skibidi seminar,business seminar
time,person29@gmail.com,business seminar,cube seminar,orange seminar,cheese seminar,skibidi seminar,skibidi seminar,cube seminar,cheese seminar,business seminar,orange seminar,cheese seminar,cube seminar,orange seminar,business seminar,skibidi seminar,orange seminar,cube seminar,skibidi seminar,business seminar,cheese seminar
time,person30@gmail.com,business seminar,cube seminar,skibidi seminar,cheese seminar,orange seminar,business seminar,skibidi seminar,cube seminar,orange seminar,cheese seminar,cube seminar,orange seminar,skibidi seminar,cheese seminar,business seminar,cheese seminar,skibidi seminar,orange seminar,business seminar,cube seminar
time,person31@gmail.com,skibidi seminar,cube seminar,cheese seminar,business seminar,orange seminar,cube seminar,business seminar,cheese seminar,skibidi seminar,orange seminar,business seminar,skibidi seminar,cheese seminar,cube seminar,orange seminar,cheese seminar,orange seminar,skibidi seminar,cube seminar,business seminar
time,person32@gmail.com,business seminar,cube seminar,skibidi seminar,orange seminar,cheese seminar,orange seminar,business seminar,cheese seminar,skibidi seminar,cube seminar,cube seminar,cheese seminar,business seminar,orange seminar,skibidi seminar,cube seminar,business seminar,skibidi seminar,orange seminar,cheese seminar
time,person33@gmail.com,cheese seminar,business seminar,cube seminar,skibidi seminar,orange seminar,cheese seminar,business seminar,cube seminar,skibidi seminar,orange seminar,cheese seminar,business seminar,skibidi seminar,cube seminar,orange seminar,skibidi seminar,orange seminar,cheese seminar,business seminar,cube seminar
time,person34@gmail.com,cheese seminar,business seminar,orange seminar,skibidi seminar,cube seminar,business seminar,cube seminar,orange seminar,cheese seminar,skibidi seminar,orange seminar,skibidi seminar,cheese seminar,business seminar,cube seminar,orange seminar,business seminar,cube seminar,cheese seminar,skibidi seminar
time,person35@gmail.com,skibidi seminar,orange seminar,cheese seminar,cube seminar,business seminar,orange seminar,skibidi seminar,cube seminar,business seminar,cheese seminar,cube seminar,orange seminar,cheese seminar,business seminar,skibidi seminar,skibidi seminar,cube seminar,business seminar,cheese seminar,orange seminar
time,person36@gmail.com,business seminar,skibidi seminar,orange seminar,cube seminar,cheese seminar,orange seminar,cheese seminar,skibidi seminar,business seminar,cube seminar,orange seminar,cheese seminar,business seminar,cube seminar,skibidi seminar,cube seminar,business seminar,skibidi seminar,orange seminar,cheese seminar
time,person37@gmail.com,cheese seminar,cube seminar,skibidi seminar,business seminar,orange seminar,business seminar,cheese seminar,cube seminar,skibidi seminar,orange seminar,orange seminar,cheese seminar,skibidi seminar,business seminar,cube seminar,cheese seminar,skibidi seminar,cube seminar,orange seminar,business seminar
time,person38@gmail.com,orange seminar,cheese seminar,skibidi seminar,business seminar,cube seminar,cube seminar,skibidi seminar,orange seminar,cheese seminar,business seminar,skibidi seminar,cheese seminar,orange seminar,cube seminar,business seminar,business seminar,cube seminar,orange seminar,cheese seminar,skibidi seminar
time,person39@gmail.com,skibidi seminar,cube seminar,business seminar,orange seminar,cheese seminar,skibidi seminar,cheese seminar,business seminar,orange seminar,cube seminar,orange seminar,cheese seminar,business seminar,skibidi seminar,cube seminar,orange seminar,cube seminar,business seminar,skibidi seminar,cheese seminar
time,person40@gmail.com,cube seminar,skibidi seminar,orange seminar,cheese seminar,business seminar,cube seminar,orange seminar,cheese seminar,skibidi seminar,business seminar,business seminar,skibidi seminar,cube seminar,orange seminar,cheese seminar,cube seminar,cheese seminar,skibidi seminar,business seminar,orange seminar
time,person41@gmail.com,skibidi seminar,orange seminar,business seminar,cube seminar,cheese seminar,cube seminar,business seminar,orange seminar,skibidi seminar,cheese seminar,cube seminar,skibidi seminar,cheese seminar,orange seminar,business seminar,cube seminar,business seminar,orange seminar,cheese seminar,skibidi seminar
time,person42@gmail.com,skibidi seminar,business seminar,cube seminar,orange seminar,cheese seminar,cube seminar,business seminar,orange seminar,cheese seminar,skibidi seminar,cheese seminar,orange seminar,skibidi seminar,business seminar,cube seminar,business seminar,skibidi seminar,orange seminar,cheese seminar,cube seminar
time,person43@gmail.com,business seminar,orange seminar,cube seminar,skibidi seminar,cheese seminar,cheese seminar,orange seminar,business seminar,skibidi seminar,cube seminar,cheese seminar,cube seminar,orange seminar,skibidi seminar,business seminar,cheese seminar,skibidi seminar,orange seminar,business seminar,cube seminar
time,person44@gmail.com,orange seminar,cube seminar,skibidi seminar,business seminar,cheese seminar,cube seminar,cheese seminar,business seminar,skibidi seminar,orange seminar,business seminar,skibidi seminar,cheese seminar,orange seminar,cube seminar,business seminar,cube seminar,cheese seminar,orange seminar,skibidi seminar
time,person45@gmail.com,business seminar,orange seminar,skibidi seminar,cheese seminar,cube seminar,cheese seminar,business seminar,orange seminar,cube seminar,skibidi seminar,cheese seminar,business seminar,skibidi seminar,cube seminar,orange seminar,cube seminar,cheese seminar,orange seminar,skibidi seminar,business seminar
time,person46@gmail.com,business seminar,orange seminar,cheese seminar,cube seminar,skibidi seminar,cheese seminar,cube seminar,business seminar,orange seminar,skibidi seminar,cheese seminar,skibidi seminar,orange seminar,business seminar,cube seminar,cheese seminar,orange seminar,skibidi seminar,cube seminar,business seminar
time,person47@gmail.com,cheese seminar,business seminar,skibidi seminar,cube seminar,orange seminar,cube seminar,business seminar,orange seminar,cheese seminar,skibidi seminar,orange seminar,skibidi seminar,business seminar,cheese seminar,cube seminar,cube seminar,orange seminar,business seminar,skibidi seminar,cheese seminar
time,person48@gmail.com,orange seminar,cheese seminar,skibidi seminar,cube seminar,business seminar,business seminar,cube seminar,orange seminar,cheese seminar,skibidi seminar,cheese seminar,orange seminar,cube seminar,skibidi seminar,business seminar,orange seminar,cheese seminar,cube seminar,skibidi seminar,business seminar
time,person49@gmail.com,business seminar,cube seminar,orange seminar,cheese seminar,skibidi seminar,skibidi seminar,cube seminar,cheese seminar,business seminar,orange seminar,cheese seminar,cube seminar,orange seminar,business seminar,skibidi seminar,orange seminar,cube seminar,skibidi seminar,business seminar,cheese seminar
time,person50@gmail.com,business seminar,cube seminar,skibidi seminar,cheese seminar,orange seminar,business seminar,skibidi seminar,cube seminar,orange seminar,cheese seminar,cube seminar,orange seminar,skibidi seminar,cheese seminar,business seminar,cheese seminar,skibidi seminar,orange seminar,business seminar,cube seminar
time,person51@gmail.com,skibidi seminar,cube seminar,cheese seminar,business seminar,orange seminar,cube seminar,business seminar,cheese seminar,skibidi seminar,orange seminar,business seminar,skibidi seminar,cheese seminar,cube seminar,orange seminar,cheese seminar,orange seminar,skibidi seminar,cube seminar,business seminar
time,person52@gmail.com,business seminar,cube seminar,skibidi seminar,orange seminar,cheese seminar,orange seminar,business seminar,cheese seminar,skibidi seminar,cube seminar,cube seminar,cheese seminar,business seminar,orange seminar,skibidi seminar,cube seminar,business seminar,skibidi seminar,orange seminar,cheese seminar
time,person53@gmail.com,cheese seminar,business seminar,cube seminar,skibidi seminar,orange seminar,cheese seminar,business seminar,cube seminar,skibidi seminar,orange seminar,cheese seminar,business seminar,skibidi seminar,cube seminar,orange seminar,skibidi seminar,orange seminar,cheese seminar,business seminar,cube seminar
time,person54@gmail.com,cheese seminar,business seminar,orange seminar,skibidi seminar,cube seminar,business seminar,cube seminar,orange seminar,cheese seminar,skibidi seminar,orange seminar,skibidi seminar,cheese seminar,business seminar,cube seminar,orange seminar,business seminar,cube seminar,cheese seminar,skibidi seminar
time,person55@gmail.com,skibidi seminar,orange seminar,cheese seminar,cube seminar,business seminar,orange seminar,skibidi seminar,cube seminar,business seminar,cheese seminar,cube seminar,orange seminar,cheese seminar,business seminar,skibidi seminar,skibidi seminar,cube seminar,business seminar,cheese seminar,orange seminar
time,person56@gmail.com,business seminar,skibidi seminar,orange seminar,cube seminar,cheese seminar,orange seminar,cheese seminar,skibidi seminar,business seminar,cube seminar,orange seminar,cheese seminar,business seminar,cube seminar,skibidi seminar,cube seminar,business seminar,skibidi seminar,orange seminar,cheese seminar
time,person57@gmail.com,cheese seminar,cube seminar,skibidi seminar,business seminar,orange seminar,business seminar,cheese seminar,cube seminar,skibidi seminar,orange seminar,orange seminar,cheese seminar,skibidi seminar,business seminar,cube seminar,cheese seminar,skibidi seminar,cube seminar,orange seminar,business seminar
time,person58@gmail.com,orange seminar,cheese seminar,skibidi seminar,business seminar,cube seminar,cube seminar,skibidi seminar,orange seminar,cheese seminar,business seminar,skibidi seminar,cheese seminar,orange seminar,cube seminar,business seminar,business seminar,cube seminar,orange seminar,cheese seminar,skibidi seminar
time,person59@gmail.com,skibidi seminar,cube seminar,business seminar,orange seminar,cheese seminar,skibidi seminar,cheese seminar,business seminar,orange seminar,cube seminar,orange seminar,cheese seminar,business seminar,skibidi seminar,cube seminar,orange seminar,cube seminar,business seminar,skibidi seminar,cheese seminar
time,person60@gmail.com,cube seminar,skibidi seminar,orange seminar,cheese seminar,business seminar,cube seminar,orange seminar,cheese seminar,skibidi seminar,business seminar,business seminar,skibidi seminar,cube seminar,orange seminar,cheese seminar,cube seminar,cheese seminar,skibidi seminar,business seminar,orange seminar
time,person61@gmail.com,skibidi seminar,orange seminar,business seminar,cube seminar,cheese seminar,cube seminar,business seminar,orange seminar,skibidi seminar,cheese seminar,cube seminar,skibidi seminar,cheese seminar,orange seminar,business seminar,cube seminar,business seminar,orange seminar,cheese seminar,skibidi seminar
time,person62@gmail.com,skibidi seminar,business seminar,cube seminar,orange seminar,cheese seminar,cube seminar,business seminar,orange seminar,cheese seminar,skibidi seminar,cheese seminar,orange seminar,skibidi seminar,business seminar,cube seminar,business seminar,skibidi seminar,orange seminar,cheese seminar,cube seminar
time,person63@gmail.com,business seminar,orange seminar,cube seminar,skibidi seminar,cheese seminar,cheese seminar,orange seminar,business seminar,skibidi seminar,cube seminar,cheese seminar,cube seminar,orange seminar,skibidi seminar,business seminar,cheese seminar,skibidi seminar,orange seminar,business seminar,cube seminar
time,person64@gmail.com,orange seminar,cube seminar,skibidi seminar,business seminar,cheese seminar,cube seminar,cheese seminar,business seminar,skibidi seminar,orange seminar,business seminar,skibidi seminar,cheese seminar,orange seminar,cube seminar,business seminar,cube seminar,cheese seminar,orange seminar,skibidi seminar
time,person65@gmail.com,business seminar,orange seminar,skibidi seminar,cheese seminar,cube seminar,cheese seminar,business seminar,orange seminar,cube seminar,skibidi seminar,cheese seminar,business seminar,skibidi seminar,cube seminar,orange seminar,cube seminar,cheese seminar,orange seminar,skibidi seminar,business seminar
time,person66@gmail.com,business seminar,orange seminar,cheese seminar,cube seminar,skibidi seminar,cheese seminar,cube seminar,business seminar,orange seminar,skibidi seminar,cheese seminar,skibidi seminar,orange seminar,business seminar,cube seminar,cheese seminar,orange seminar,skibidi seminar,cube seminar,business seminar
time,person67@gmail.com,cheese seminar,business seminar,skibidi seminar,cube seminar,orange seminar,cube seminar,business seminar,orange seminar,cheese seminar,skibidi seminar,orange seminar,skibidi seminar,business seminar,cheese seminar,cube seminar,cube seminar,orange seminar,business seminar,skibidi seminar,cheese seminar
time,person68@gmail.com,orange seminar,cheese seminar,skibidi seminar,cube seminar,business seminar,business seminar,cube seminar,orange seminar,cheese seminar,skibidi seminar,cheese seminar,orange seminar,cube seminar,skibidi seminar,business seminar,orange seminar,cheese seminar,cube seminar,skibidi seminar,business seminar
time,person69@gmail.com,business seminar,cube seminar,orange seminar,cheese seminar,skibidi seminar,skibidi seminar,cube seminar,cheese seminar,business seminar,orange seminar,cheese seminar,cube seminar,orange seminar,business seminar,skibidi seminar,orange seminar,cube seminar,skibidi seminar,business seminar,cheese seminar
time,person70@gmail.com,business seminar,cube seminar,skibidi seminar,cheese seminar,orange seminar,business seminar,skibidi seminar,cube seminar,orange seminar,cheese seminar,cube seminar,orange seminar,skibidi seminar,cheese seminar,business seminar,cheese seminar,skibidi seminar,orange seminar,business seminar,cube seminar
time,person71@gmail.com,skibidi seminar,cube seminar,cheese seminar,business seminar,orange seminar,cube seminar,business seminar,cheese seminar,skibidi seminar,orange seminar,business seminar,skibidi seminar,cheese seminar,cube seminar,orange seminar,cheese seminar,orange seminar,skibidi seminar,cube seminar,business seminar
time,person72@gmail.com,business seminar,cube seminar,skibidi seminar,orange seminar,cheese seminar,orange seminar,business seminar,cheese seminar,skibidi seminar,cube seminar,cube seminar,cheese seminar,business seminar,orange seminar,skibidi seminar,cube seminar,business seminar,skibidi seminar,orange seminar,cheese seminar
time,person73@gmail.com,cheese seminar,business seminar,cube seminar,skibidi seminar,orange seminar,cheese seminar,business seminar,cube seminar,skibidi seminar,orange seminar,cheese seminar,business seminar,skibidi seminar,cube seminar,orange seminar,skibidi seminar,orange seminar,cheese seminar,business seminar,cube seminar
time,person74@gmail.com,cheese seminar,business seminar,orange seminar,skibidi seminar,cube seminar,business seminar,cube seminar,orange seminar,cheese seminar,skibidi seminar,orange seminar,skibidi seminar,cheese seminar,business seminar,cube seminar,orange seminar,business seminar,cube seminar,cheese seminar,skibidi seminar
time,person75@gmail.com,skibidi seminar,orange seminar,cheese seminar,cube seminar,business seminar,orange seminar,skibidi seminar,cube seminar,business seminar,cheese seminar,cube seminar,orange seminar,cheese seminar,business seminar,skibidi seminar,skibidi seminar,cube seminar,business seminar,cheese seminar,orange seminar
time,person76@gmail.com,business seminar,skibidi seminar,orange seminar,cube seminar,cheese seminar,orange seminar,cheese seminar,skibidi seminar,business seminar,cube seminar,orange seminar,cheese seminar,business seminar,cube seminar,skibidi seminar,cube seminar,business seminar,skibidi seminar,orange seminar,cheese seminar
time,person77@gmail.com,cheese seminar,cube seminar,skibidi seminar,business seminar,orange seminar,business seminar,cheese seminar,cube seminar,skibidi seminar,orange seminar,orange seminar,cheese seminar,skibidi seminar,business seminar,cube seminar,cheese seminar,skibidi seminar,cube seminar,orange seminar,business seminar
time,person78@gmail.com,orange seminar,cheese seminar,skibidi seminar,business seminar,cube seminar,cube seminar,skibidi seminar,orange seminar,cheese seminar,business seminar,skibidi seminar,cheese seminar,orange seminar,cube seminar,business seminar,business seminar,cube seminar,orange seminar,cheese seminar,skibidi seminar
time,person79@gmail.com,skibidi seminar,cube seminar,business seminar,orange seminar,cheese seminar,skibidi seminar,cheese seminar,business seminar,orange seminar,cube seminar,orange seminar,cheese seminar,business seminar,skibidi seminar,cube seminar,orange seminar,cube seminar,business seminar,skibidi seminar,cheese seminar
time,person80@gmail.com,cube seminar,skibidi seminar,orange seminar,cheese seminar,business seminar,cube seminar,orange seminar,cheese seminar,skibidi seminar,business seminar,business seminar,skibidi seminar,cube seminar,orange seminar,cheese seminar,cube seminar,cheese seminar,skibidi seminar,business seminar,orange seminar